,Title,Production company,Cast and crew,genres
0,Insidious: The Last Key,Universal Pictures / Blumhouse Productions / Stage 6 Films,"Adam Robitel (director); Leigh Whannell (screenplay); Lin Shaye, Angus Sampson, Leigh Whannell, Spencer Locke, Caitlin Gerard, Kirk Acevedo, Bruce Davison",Mystery Horror Thriller
1,The Strange Ones,Vertical Entertainment,"Lauren Wolkstein (director); Christopher Radcliff (co-director/screenplay); Alex Pettyfer, James Freedson-Jackson, Emily Althaus, Gene Jones, Owen Campbell, Tobias Campbell",Thriller Drama
2,Stratton,Momentum Pictures,"Simon West (director); Duncan Falconer, Warren Davis II (screenplay); Dominic Cooper, Austin Stowell, Gemma Chan, Thomas Kretschmann, Tyler Hoechlin, Tom Felton",Action Thriller
3,Sweet Country,Samuel Goldwyn Films,"Warwick Thornton (director); David Tranter, Steven McGregor (screenplay); Bryan Brown, Sam Neill",Drama History Western
4,The Commuter,Lionsgate / StudioCanal / The Picture Company,"Jaume Collet-Serra (director); Byron Willinger, Philip de Blasi (screenplay); Liam Neeson, Vera Farmiga, Patrick Wilson, Jonathan Banks, Elizabeth McGovern, Sam Neill",Action Thriller
5,Proud Mary,Screen Gems,"Babak Najafi (director); John S. Newman, Christian Swegal (screenplay); Taraji P. Henson, Billy Brown, Danny Glover, Neal McDonough, Xander Berkeley, Margaret Avery",Thriller Action Crime
6,Acts of Violence,Lionsgate Premiere,"Brett Donowho (director); Nicolas Aaron Mezzanatto (screenplay); Bruce Willis, Cole Hauser, Shawn Ashmore, Melissa Bolona, Mike Epps",Action
7,Freak Show,IFC Films,"Trudie Styler (director); Patrick J. Clifton, Beth Rigazio (screenplay); Alex Lawther, Abigail Breslin, Bette Midler, AnnaSophia Robb, Ian Nelson, Lorraine Toussaint, Laverne Cox",Comedy Drama
8,Humor Me,Shout! Factory / Shout! Studios,"Sam Hoffman (director/screenplay); Jemaine Clement, Elliott Gould, Ingrid Michaelson, Annie Potts, Priscilla Lopez, Bebe Neuwirth, Maria Dizzia",Comedy
9,Vazante,Music Box Films,"Daniela Thomas (director/screenplay); Beto Amaral (screenplay); Adriano Carvalho, Luana Nastas",Drama
10,Mary and the Witch's Flower,GKIDS,"Hiromasa Yonebayashi (director/screenplay); Riko Sakaguchi (screenplay); Ruby Barnhill, Louis Ashbourne Serkis, Kate Winslet, Jim Broadbent, Teresa Gallagher, Ewen Bremner, Rasmus Hardiker, Morwenna Banks, Lynda Baron",Fantasy Adventure Animation
11,12 Strong,Warner Bros. Pictures / Alcon Entertainment / Jerry Bruckheimer Films,"Nicolai Fuglsig (director); Peter Craig, Ted Tally (screenplay); Chris Hemsworth, Michael Shannon, Michael Peña, Navid Negahban, Trevante Rhodes, Geoff Stults, Thad Luckinbill, Rob Riggle, William Fichtner",Drama Action History War
12,Den of Thieves,STX Entertainment,"Christian Gudegast (director/screenplay); Paul Scheuring (screenplay); Gerard Butler, 50 Cent, Pablo Schreiber, O'Shea Jackson Jr., Evan Jones, Dawn Olivieri, Mo McRae, Max Holloway",Action Thriller Crime
13,Forever My Girl,Roadside Attractions,"Bethany Ashton Wolf (director/screenplay); Alex Roe, Jessica Rothe, John Benjamin Hickey",Romance Drama Music
14,Maze Runner: The Death Cure,20th Century Fox,"Wes Ball (director); T.S. Nowlin (screenplay); Dylan O'Brien, Kaya Scodelario, Thomas Brodie-Sangster, Ki Hong Lee, Giancarlo Esposito, Aidan Gillen, Walton Goggins, Barry Pepper, Will Poulter, Patricia Clarkson",Action Science Fiction
15,The Insult,Cohen Media Group,"Ziad Doueiri (director/screenplay); Joelle Touma (screenplay); Adel Karam, Camille Salameh, Kamel El Basha",Comedy Crime
16,Please Stand By,Magnolia Pictures,"Ben Lewin (director); Michael Golamco (screenplay); Dakota Fanning, Toni Collette, Alice Eve",Comedy Drama
17,Winchester,Lionsgate / CBS Films,"The Spierig Brothers (director/screenplay); Helen Mirren, Jason Clarke, Sarah Snook, Angus Sampson",Fantasy Mystery Thriller Horror
18,A Fantastic Woman,Sony Pictures Classics,"Sebastián Lelio (director/screenplay); Gonzalo Maza (screenplay); Daniela Vega, Francisco Reyes",Drama
19,Armed,GVN Releasing,"Mario Van Peebles (director/screenplay); Mario Van Peebles, William Fichtner, Ryan Guzman, Columbus Short, Laz Alonso",Action Horror Thriller
20,The Cloverfield Paradox,Paramount Pictures / Netflix / Bad Robot Productions,"Julius Onah (director); Oren Uziel, Doug Jung (screenplay); Daniel Brühl, Elizabeth Debicki, Aksel Hennie, Gugu Mbatha-Raw, Chris O'Dowd, John Ortiz, David Oyelowo, Zhang Ziyi",Mystery Thriller Horror Science Fiction
21,Peter Rabbit,Columbia Pictures / Sony Pictures Animation / Animal Logic,"Will Gluck (director/screenplay); Rob Lieber (screenplay); James Corden, Domhnall Gleeson, Rose Byrne, Daisy Ridley, Margot Robbie, Elizabeth Debicki, Sam Neill",Animation Adventure Family
22,Fifty Shades Freed,Universal Pictures,"James Foley (director); Niall Leonard (screenplay); Dakota Johnson, Jamie Dornan, Kim Basinger, Eric Johnson, Rita Ora, Luke Grimes, Victor Rasuk, Jennifer Ehle, Marcia Gay Harden",Drama Romance
23,The 15:17 to Paris,Warner Bros. Pictures / Village Roadshow Pictures,"Clint Eastwood (director); Dorothy Blyskal (screenplay); Anthony Sadler, Alek Skarlatos, Spencer Stone, Judy Greer, Jenna Fischer, Ray Corasani",Drama History Thriller
24,La Boda de Valentina,Lionsgate / Pantelion Films,"Marco Polo Constandse (director); Omar Chaparro, Marimar Vega, Ryan Carnes",Comedy
25,Kri,Subas Entertainment Production / Super Kajal Films,"Surendra Poudel (director/screenplay); Anmol K.C., Aditi Budhathoki, Anoop Bikram Shahi",
26,Permission,Good Dead Entertainment,"Brian Crano (director/screenplay); Rebecca Hall, Dan Stevens, Morgan Spector, David Joseph Craig, Gina Gershon, Jason Sudeikis",Comedy Romance Drama
27,Monster Family,Viva Pictures,"Holger Tappe (director); David Safier, Catharine Junk (screenplay); Emily Watson, Jason Isaacs, Nick Frost, Jessica Brown Findlay, Celia Imrie, Catherine Tate",
28,Golden Exits,Vertical Entertainment,"Alex Ross Perry (director/screenplay); Emily Browning, Adam Horowitz, Mary-Louise Parker, Jason Schwartzman, Chloë Sevigny, Analeigh Tipton",Drama
29,Black Panther,Marvel Studios,"Ryan Coogler (director/​screenplay); Joe Robert Cole (screenplay); Chadwick Boseman, Michael B. Jordan, Lupita Nyong'o, Danai Gurira, Martin Freeman, Daniel Kaluuya, Letitia Wright, Winston Duke, Angela Bassett, Forest Whitaker, Andy Serkis",Action Adventure Fantasy Science Fiction
30,Early Man,Summit Entertainment / StudioCanal / Aardman Animations,"Nick Park (director); Mark Burton, John O'Farrell (screenplay); Eddie Redmayne, Tom Hiddleston, Maisie Williams, Timothy Spall",Family Comedy Animation Adventure
31,Loveless,Sony Pictures Classics,"Andrey Zvyagintsev (director); Oleg Negin, Andrey Zvyagintsev (screenplay); Maryana Spivak, Alexei Rozin, Matvey Novikov, Marina Vasilyeva, Andris Keišs",Drama
32,The Party,Roadside Attractions,"Sally Potter (director/screenplay); Timothy Spall, Kristin Scott Thomas, Patricia Clarkson, Emily Mortimer, Cillian Murphy, Bruno Ganz",Comedy
33,Nostalgia,Bleecker Street,"Mark Pellington (director/screenplay); Alex Ross Perry (screenplay); Jon Hamm, Nick Offerman, Amber Tamblyn, Patton Oswalt, Catherine Keener, Ellen Burstyn, Bruce Dern, John Ortiz, James LeGros",Drama
34,Black '47,Fastnet Films / Samsa Films / UMedia / Altitude Film,"Lance Daly (director); PJ Dillon, Pierce Ryan, Eugene O'Brien, & Lance Daly (screenplay); Hugo Weaving, Jim Broadbent, Stephen Rea, Freddie Fox, Moe Dunford, James Frecheville, Sarah Greene, Barry Keoghan",Drama Western
35,Samson,Pure Flix,"Bruce Macdonald (director); Timothy Ratajczak, Jason Baumgardner (screenplay); Taylor James, Jackson Rathbone, Billy Zane, Caitlin Leahy, Rutger Hauer, Lindsay Wagner",Action Drama Adventure
36,Game Night,Warner Bros. Pictures / New Line Cinema,"Jonathan Goldstein, John Francis Daley (directors); Mark Perez (screenplay); Jason Bateman, Rachel McAdams, Kyle Chandler, Billy Magnussen, Sharon Horgan, Lamorne Morris, Kylie Bunbury, Jesse Plemons, Michael C. Hall",Mystery Comedy Crime
37,Annihilation,Paramount Pictures / Netflix / Skydance Media / DNA Films,"Alex Garland (director/screenplay); Natalie Portman, Jennifer Jason Leigh, Gina Rodriguez, Tessa Thompson, Tuva Novotny, Oscar Isaac",Action Science Fiction Horror Mystery
38,Every Day,Orion Pictures,"Michael Sucsy (director); Jesse Andrews (screenplay); Angourie Rice, Maria Bello, Debby Ryan, Jacob Batalon, Justice Smith, Lucas Jade Zumann",Drama Fantasy Romance
39,The Cured,IFC Films,"David Freyne (director); Ellen Page, Sam Keeley, Tom Vaughan-Lawlor",Horror Drama Science Fiction
40,The Lodgers,Epic Pictures Group,"Brian O'Malley (director); David Turpin (screenplay); Charlotte Vega, Bill Milner, Eugene Simon, David Bradley, Deirdre O'Kane, Moe Dunford",Drama Horror Romance Thriller
41,Red Sparrow,20th Century Fox / TSG Entertainment / Chernin Entertainment,"Francis Lawrence (director); Justin Haythe (screenplay); Jennifer Lawrence, Joel Edgerton, Matthias Schoenaerts, Charlotte Rampling, Mary-Louise Parker, Jeremy Irons",Mystery Thriller
42,Death Wish,Metro-Goldwyn-Mayer,"Eli Roth (director); Joe Carnahan (screenplay); Bruce Willis, Vincent D'Onofrio, Dean Norris, Kimberly Elise, Mike Epps, Elisabeth Shue, Camila Morrone",Action Crime Drama Thriller
43,The Vanishing of Sidney Hall,A24,"Shawn Christensen (director/screenplay); Jason Dolan (screenplay); Logan Lerman, Elle Fanning, Michelle Monaghan, Nathan Lane, Kyle Chandler",Drama Mystery
44,Foxtrot,Sony Pictures Classics,"Samuel Maoz (director/screenplay); Lior Ashkenazi, Sarah Adler, Yonatan Shiray",Comedy Drama War
45,Pickings,Digital Magic Entertainment,"Usher Morgan (director/screenplay); Elyse Price, Joel Bernard, Katie Vincent, Joe Trombino",Action Crime Thriller Drama Mystery
46,A Wrinkle in Time,Walt Disney Pictures,"Ava DuVernay (director); Jennifer Lee (screenplay); Storm Reid, Oprah Winfrey, Reese Witherspoon, Mindy Kaling, Levi Miller, Deric McCabe, Chris Pine, Gugu Mbatha-Raw, Michael Peña, Zach Galifianakis",Adventure Science Fiction Family Fantasy
47,Gringo,Amazon Studios / STX Entertainment,"Nash Edgerton (director); Anthony Tambakis, Matthew Stone (screenplay); David Oyelowo, Charlize Theron, Joel Edgerton, Amanda Seyfried, Thandie Newton, Sharlto Copley",Comedy Action
48,Thoroughbreds,Focus Features,"Cory Finley (director/screenplay); Olivia Cooke, Anya Taylor-Joy, Anton Yelchin, Paul Sparks, Francie Swift",Drama Thriller
49,The Death of Stalin,IFC Films,"Armando Iannucci (director/screenplay); Steve Buscemi, Simon Russell Beale, Paddy Considine, Rupert Friend, Jason Isaacs, Michael Palin, Andrea Riseborough, Jeffrey Tambor",Comedy Drama History
50,The Leisure Seeker,Sony Pictures Classics,"Paolo Virzì (director/screenplay); Francesca Archibugi, Francesco Piccolo, Stephen Amidon (screenplay); Donald Sutherland, Helen Mirren",Drama Romance Adventure
51,The Strangers: Prey at Night,Aviron Pictures / Rogue,"Johannes Roberts (director); Bryan Bertino, Ben Ketai (screenplay); Christina Hendricks, Martin Henderson, Bailee Madison, Lewis Pullman",Horror Thriller
52,The Hurricane Heist,Entertainment Studios,"Rob Cohen (director/screenplay); Toby Kebbell, Maggie Grace, Ryan Kwanten, Melissa Bolona, Ralph Ineson",Action Crime Thriller
53,Tomb Raider,Warner Bros. Pictures / GK Films / Metro-Goldwyn-Mayer,"Roar Uthaug (director); Geneva Robertson-Dworet (screenplay); Alicia Vikander, Dominic West, Walton Goggins, Daniel Wu, Kristin Scott Thomas, Derek Jacobi, Nick Frost, Hannah John-Kamen",Action Adventure Fantasy
54,"Love, Simon",20th Century Fox / Fox 2000 Pictures / TSG Entertainment,"Greg Berlanti (director); Isaac Aptaker, Elizabeth Berger (screenplay); Nick Robinson, Katherine Langford, Alexandra Shipp, Jorge Lendeborg Jr., Miles Heizer, Keiynan Lonsdale, Logan Miller, Jennifer Garner, Josh Duhamel, Tony Hale",Comedy Drama Romance
55,I Can Only Imagine,Roadside Attractions / Lionsgate,"Jon Erwin (director/screenplay); Andrew Erwin (co-director), Alex Cramer, Brent McCorkle (screenplay); Cloris Leachman, Dennis Quaid, Priscilla Shirer, Madeline Carroll, J. Michael Finley, Trace Adkins",Music Drama
56,7 Days in Entebbe,Focus Features / StudioCanal / Participant Media / Working Title Films,"José Padilha (director); Gregory Burke (screenplay); Rosamund Pike, Daniel Brühl, Vincent Cassel, Eddie Marsan, Ben Schnetzer",Thriller Drama Crime
57,Furlough,IFC Films,"Laurie Collyer (director); Barry Strugatz (screenplay); Melissa Leo, Tessa Thompson, La La Anthony, Whoopi Goldberg, Anna Paquin",Comedy
58,Josie,Screen Media Films,"Eric England (director), Anthony Ragnone II (screenplay); Sophie Turner, Dylan McDermott, Jack Kilmer",Comedy Music
59,Flower,The Orchard,"Max Winkler (director), Alex McAulay (screenplay); Zoey Deutch, Kathryn Hahn, Tim Heidecker, Joey Morgan, Adam Scott",Drama Comedy
60,Pacific Rim: Uprising,Universal Pictures / Legendary Pictures,"Steven S. DeKnight (director/screenplay); Emily Carmichael, Kira Snyder, T.S. Nowlin (screenplay); John Boyega, Scott Eastwood, Cailee Spaeny, Charlie Day, Burn Gorman, Rinko Kikuchi, Jing Tian, Adria Arjona, Zhang Jin",Action Fantasy Science Fiction Adventure
61,Isle of Dogs,Fox Searchlight Pictures / Indian Paintbrush,"Wes Anderson (director/screenplay); Bryan Cranston, Edward Norton, Bill Murray, Jeff Goldblum, Bob Balaban, Greta Gerwig, Frances McDormand, Courtney B. Vance, Fisher Stevens, Harvey Keitel, Liev Schreiber, Scarlett Johansson, Tilda Swinton, F. Murray Abraham, Frank Wood",Adventure Comedy Animation
62,Sherlock Gnomes,Paramount Pictures / Paramount Animation / Metro-Goldwyn-Mayer,"John Stevenson (director); Ben Zazove (screenplay); James McAvoy, Emily Blunt, Johnny Depp, Chiwetel Ejiofor, Mary J. Blige, Michael Caine, Maggie Smith, Ashley Jensen, Matt Lucas, Stephen Merchant, Julie Walters, Richard Wilson",Animation Family Fantasy Comedy Adventure Mystery
63,Unsane,Bleecker Street / Regency Enterprises,"Steven Soderbergh (director); Jonathan Bernstein, James Greer (screenplay); Claire Foy, Joshua Leonard, Jay Pharoah, Juno Temple, Aimee Mullins, Amy Irving",Horror Thriller
64,"Paul, Apostle of Christ",Affirm Films,"Andrew Hyatt (director/screenplay); James Faulkner, Jim Caviezel, Olivier Martinez, Joanne Whalley, John Lynch",History Drama
65,Final Portrait,Sony Pictures Classics,"Stanley Tucci (director/screenplay); Geoffrey Rush, Armie Hammer, Clémence Poésy, Tony Shalhoub, James Faulkner, Sylvie Testud",Drama History
66,Midnight Sun,Global Road Entertainment,"Scott Speer (director); Eric Kirsten (screenplay); Bella Thorne, Patrick Schwarzenegger, Rob Riggle, Quinn Shephard",Romance Drama
67,Followers,Synkronized Films,"Ryan Justice (director/screenplay); Ian Longen, Jason Henne (screenplay); Amanda Delaney, Justin Maina, Sean Michael Gloria, Nishant Gogna, David E. McMahon",Thriller
68,Ready Player One,Warner Bros. Pictures / Village Roadshow Pictures / Amblin Entertainment,"Steven Spielberg (director); Ernest Cline, Zak Penn (screenplay); Tye Sheridan, Olivia Cooke, Ben Mendelsohn, Lena Waithe, T.J. Miller, Simon Pegg, Mark Rylance, Win Morisaki, Philip Zhao, Hannah John-Kamen",Adventure Science Fiction
69,Tyler Perry's Acrimony,Lionsgate / Tyler Perry Films,"Tyler Perry (director/screenplay); Taraji P. Henson, Lyriq Bent, Tika Sumpter",Thriller
70,God's Not Dead: A Light in Darkness,Pure Flix,"Michael Mason (director/screenplay); David A. R. White, John Corbett, Shane Harper, Benjamin Onyango, Ted McGinley, Jennifer Taylor, Tatum O'Neal, Shwayze, Cissy Houston",Drama
71,Gemini,Neon,"Aaron Katz (director/screenplay); Lola Kirke, Zoë Kravitz, Greta Lee, Michelle Forbes, Nelson Franklin, Reeve Carney, Jessica Parker Kennedy, James Ransone, Ricki Lake, John Cho",Action Drama Science Fiction Thriller
72,The Last Movie Star,A24,"Adam Rifkin (director/screenplay); Burt Reynolds, Ariel Winter, Clark Duke, Ellar Coltrane, Chevy Chase",Drama
73,A Quiet Place,Paramount Pictures / Platinum Dunes / Sunday Night Productions,"John Krasinski (director/screenplay); Scott Beck, Bryan Woods (screenplay); John Krasinski, Emily Blunt, Millicent Simmonds, Noah Jupe",Drama Science Fiction Thriller
74,Blockers,Universal Pictures / Good Universe / Point Grey Pictures,"Kay Cannon (director); Eben Russell, Jon Hurwitz, Hayden Schlossberg, Brian Kehoe, Jim Kehoe (screenplay); Leslie Mann, Ike Barinholtz, John Cena, Kathryn Newton, Graham Phillips, June Diane Raphael, Hannibal Buress, Sarayu Blue",Comedy
75,You Were Never Really Here,Amazon Studios,"Lynne Ramsay (director/screenplay); Joaquin Phoenix, Ekaterina Samsonov, Alex Manette, John Doman, Judith Roberts",Thriller Drama
76,Chappaquiddick,Entertainment Studios,"John Curran (director); Taylor Allen, Andrew Logan (screenplay); Jason Clarke, Kate Mara, Ed Helms, Bruce Dern, Jim Gaffigan, Taylor Nichols",Drama Thriller History
77,Pandas,Warner Bros. Pictures / IMAX,"Drew Fellman, David Douglas (directors); Drew Fellman (screenplay); Kristen Bell",Documentary
78,Lean on Pete,A24,"Andrew Haigh (director/screenplay); Charlie Plummer, Chloë Sevigny, Travis Fimmel, Steve Buscemi",Drama Adventure
79,The Miracle Season,LD Entertainment,"Sean McNamara (director); David Aaron Cohen, Elissa Matsueda (screenplay); Helen Hunt, William Hurt, Erin Moriarty, Danika Yarosh",Drama
80,Beirut,Bleecker Street,"Brad Anderson (director); Tony Gilroy (screenplay); Jon Hamm, Rosamund Pike, Dean Norris, Shea Whigham, Larry Pine, Mark Pellegrino",Action Thriller Drama
81,Rampage,Warner Bros. Pictures / New Line Cinema,"Brad Peyton (director); Ryan Engle (screenplay); Dwayne Johnson, Naomie Harris, Malin Åkerman, Jake Lacy, Marley Shelton, Joe Manganiello, Jeffrey Dean Morgan",Action Adventure Science Fiction
82,Truth or Dare,Universal Pictures / Blumhouse Productions,"Jeff Wadlow (director/screenplay); Michael Reisz, Chris Roach, Jillian Jacobs (screenplay); Lucy Hale, Tyler Posey, Violett Beane, Nolan Gerard Funk, Hayden Szeto, Sophia Taylor Ali",Thriller Horror
83,The Rider,Sony Pictures Classics,Chloé Zhao (director/screenplay); Brady Jandreau,Drama Western
84,Sgt. Stubby: An American Hero,Fun Academy Motion Pictures / Mikros Image,"Richard Lanni (director/screenplay); Mike Stokey (screenplay); Logan Lerman, Helena Bonham Carter, Gérard Depardieu",Animation Adventure Family History War
85,I Feel Pretty,STX Entertainment,"Abby Kohn, Marc Silverstein (director/screenplay); Amy Schumer, Michelle Williams, Emily Ratajkowski, Rory Scovel",Comedy Romance
86,Super Troopers 2,Fox Searchlight Pictures,"Jay Chandrasekhar (director); Broken Lizard (screenplay); Jay Chandrasekhar, Paul Soter, Steve Lemme, Erik Stolhanske, Kevin Heffernan",Comedy Crime Mystery
87,Traffik,Summit Entertainment / Codeblack Films,"Deon Taylor (director/screenplay); Paula Patton, Omar Epps, Missi Pyle, William Fichtner, Roselyn Sanchez, Dawn Olivieri, Laz Alonso",Thriller Horror
88,The House of Tomorrow,Shout! Studios,"Peter Livolsi (director/screenplay); Asa Butterfield, Nick Offerman, Ellen Burstyn, Alex Wolff, Maude Apatow",Drama
89,Liz and the Blue Bird,Kyoto Animation,"Naoko Yamada (director); Reiko Yoshida (screenplay); Atsumi Tanezaki, Nao Tōyama",Animation Drama Music
90,Avengers: Infinity War,Marvel Studios,"Anthony Russo and Joe Russo (directors); Christopher Markus and Stephen McFeely (screenplay); Robert Downey Jr., Chris Hemsworth, Mark Ruffalo, Chris Evans, Scarlett Johansson, Benedict Cumberbatch, Don Cheadle, Tom Holland, Chadwick Boseman, Paul Bettany, Elizabeth Olsen, Anthony Mackie, Sebastian Stan, Danai Gurira, Letitia Wright, Dave Bautista, Zoe Saldana, Pom Klementieff, Karen Gillan, Benedict Wong, Idris Elba, Peter Dinklage, Tom Hiddleston, Vin Diesel, Bradley Cooper, Gwyneth Paltrow, Benicio del Toro, Josh Brolin, Chris Pratt",Adventure Action Science Fiction
91,Disobedience,Bleecker Street,"Sebastián Lelio (director/screenplay); Rebecca Lenkiewicz (screenplay); Rachel Weisz, Rachel McAdams, Alessandro Nivola",Drama Romance
92,Backstabbing for Beginners,A24,"Per Fly (director); Daniel Pyne, Per Fly (screenplay); Ben Kingsley, Theo James, Jacqueline Bisset",Thriller Drama History
93,Kings,The Orchard,"Deniz Gamze Ergüven (director/screenplay); Halle Berry, Daniel Craig",Adventure Drama Action
94,Overboard,Metro-Goldwyn-Mayer / Lionsgate / Pantelion Films,"Rob Greenberg, Bob Fisher (directors/screenplay); Anna Faris, Eugenio Derbez, Eva Longoria, John Hannah, Josh Segarra, Mel Rodriguez",Romance Comedy
95,Tully,Focus Features / Bron Studios,"Jason Reitman (director); Diablo Cody (screenplay); Charlize Theron, Mackenzie Davis, Mark Duplass, Ron Livingston",Drama
96,Bad Samaritan,Electric Entertainment,"Dean Devlin (director); Brandon Boyce (screenplay); David Tennant, Robert Sheehan, Carlito Olivero, Kerry Condon, Jacqueline Byers",Thriller Crime Horror
97,The Cleanse,Vertical Entertainment,"Bobby Miller (director/screenplay); Johnny Galecki, Anna Friel, Oliver Platt, Anjelica Huston",Drama Comedy Fantasy
98,The Guardians,Music Box Films,Xavier Beauvois (director/screenplay); Nathalie Baye,Animation Family Fantasy Action Adventure
99,Life of the Party,Warner Bros. Pictures / New Line Cinema,"Ben Falcone (director/screenplay); Melissa McCarthy (screenplay); Melissa McCarthy, Maya Rudolph, Molly Gordon, Julie Bowen, Gillian Jacobs, Debby Ryan, Matt Walsh, Jacki Weaver",Comedy
100,Breaking In,Universal Pictures,"James McTeigue (director); Ryan Engle (screenplay); Gabrielle Union, Billy Burke, Richard Cabral, Seth Carr, Levi Meaden, Ajiona Alexus, Christa Miller",Thriller Crime Action Horror
101,The Seagull,Sony Pictures Classics,"Michael Mayer (director); Stephen Karam (screenplay); Saoirse Ronan, Annette Bening, Corey Stoll, Billy Howle",Drama Romance Comedy
102,Terminal,RLJE Films,"Vaughn Stein (director/screenplay); Margot Robbie, Simon Pegg, Dexter Fletcher, Max Irons, Mike Myers",Crime Drama Thriller
103,Revenge,Neon,"Coralie Fargeat (director/screenplay); Matilda Lutz, Kevin Janssens, Vincent Colombe, Guillaume Bouchède",Fantasy Action Adventure Animation
104,Deadpool 2,20th Century Fox / Marvel Entertainment / TSG Entertainment,"David Leitch (director); Rhett Reese, Paul Wernick, Ryan Reynolds (screenplay); Ryan Reynolds, Josh Brolin, Zazie Beetz, Julian Dennison, Morena Baccarin, T. J. Miller, Brianna Hildebrand, Stefan Kapičić, Jack Kesy",Action Comedy Adventure
105,Book Club,Paramount Pictures,"Bill Holderman (director/screenplay); Erin Simms (screenplay); Jane Fonda, Candice Bergen, Mary Steenburgen, Diane Keaton",Comedy Romance Drama
106,First Reformed,A24,"Paul Schrader (director/screenplay); Ethan Hawke, Amanda Seyfried, Cedric Kyles",Drama
107,Pope Francis: A Man of His Word,Focus Features,Wim Wenders (director); Pope Francis,Documentary
108,Show Dogs,Global Road Entertainment,"Raja Gosnell (director); Max Botkin (screenplay); Will Arnett, Natasha Lyonne, Ludacris, Stanley Tucci, Shaquille O'Neal, Gabriel Iglesias, Alan Cumming, Oliver Tompsett, Andy Beckwith",Adventure Crime Family Comedy
109,Solo: A Star Wars Story,Lucasfilm,"Ron Howard (director); Lawrence Kasdan, Jon Kasdan (screenplay); Alden Ehrenreich, Woody Harrelson, Emilia Clarke, Donald Glover, Thandie Newton, Phoebe Waller-Bridge, Joonas Suotamo, Paul Bettany",Adventure Science Fiction
110,How to Talk to Girls at Parties,A24,"John Cameron Mitchell (director); Philippa Goslett, John Cameron Mitchell (screenplay); Elle Fanning, Alex Sharp, Nicole Kidman, Ruth Wilson, Matt Lucas",Comedy Music Romance Science Fiction
111,In Darkness,Vertical Entertainment,"Anthony Byrne (director); Anthony Byrne, Natalie Dormer (screenplay); Natalie Dormer, Emily Ratajkowski, Ed Skrein, Joely Richardson, Neil Maskell, James Cosmo, Jan Bijvoet",Thriller Mystery
112,The Misandrists,Cartilage Films,"Bruce LaBruce (director); Bruce LaBruce (screenplay); Susanne Sachße, Viva Ruiz, Kembra Pfahler, Caprice Crawford, Grete Gehrke",Drama
113,Future World,Lionsgate Premiere,"James Franco, Bruce Thierry Cheung (director); Bruce Thierry Cheung, Jeremy Cheung, Jay Davis (screenplay); James Franco, Suki Waterhouse, Jeffrey Wahlberg, Margarita Levieva, Snoop Dogg, George Lewis Jr., Method Man, Lucy Liu, Milla Jovovich",Science Fiction
114,Action Point,Paramount Pictures,"Tim Kirkby (director); Johnny Knoxville (screenplay); Johnny Knoxville, Chris Pontius",Comedy Drama
115,Adrift,STX Entertainment,"Baltasar Kormákur (director); Aaron Kandell, Jordan Kandell, David Branson Smith (screenplay); Shailene Woodley, Sam Claflin",Thriller Romance Adventure
116,Upgrade,BH Tilt,"Leigh Whannell (director/screenplay); Logan Marshall-Green, Betty Gabriel, Harrison Gilbertson, Melanie Vallejo, Benedict Hardie, Linda Cropper, Simon Maiden",Action Thriller Science Fiction Horror
117,American Animals,The Orchard / MoviePass Ventures,"Bart Layton (director/screenplay); Evan Peters, Barry Keoghan, Blake Jenner, Jared Abrahamson, Udo Kier, Ann Dowd",Drama Crime Documentary
118,Social Animals,Vertical Entertainment,"Theresa Bennett (director/screenplay); Noël Wells, Josh Radnor, Aya Cash, Carly Chaikin, Fortune Feimster, Samira Wiley",Comedy Romance
119,Ocean's 8,Warner Bros. Pictures / Village Roadshow Pictures,"Gary Ross (director/screenplay); Olivia Milch (screenplay); Sandra Bullock, Cate Blanchett, Anne Hathaway, Mindy Kaling, Sarah Paulson, Awkwafina, Rihanna, Helena Bonham Carter",Crime Comedy Action Thriller
120,Won't You Be My Neighbor?,Focus Features,Morgan Neville (director); Fred Rogers,Documentary
121,Hereditary,A24,"Ari Aster (director/screenplay); Toni Collette, Alex Wolff, Milly Shapiro, Ann Dowd, Gabriel Byrne",Horror Mystery Thriller
122,Hotel Artemis,Global Road Entertainment,"Drew Pearce (director/screenplay); Jodie Foster, Sterling K. Brown, Sofia Boutella, Jeff Goldblum, Dave Bautista, Brian Tyree Henry, Jenny Slate, Zachary Quinto, Charlie Day",Thriller Science Fiction Action
123,Superfly,Columbia Pictures,"Director X (director); Alex Tse (screenplay); Trevor Jackson, Jason Mitchell, Michael K. Williams, Esai Morales",Action Crime
124,Incredibles 2,Walt Disney Pictures / Pixar Animation Studios,"Brad Bird (director/screenplay); Craig T. Nelson, Holly Hunter, Sarah Vowell, Huckleberry Milner, Samuel L. Jackson, Bob Odenkirk, Catherine Keener, Jonathan Banks",Action Adventure Animation Family
125,Tag,Warner Bros. Pictures / New Line Cinema,"Jeff Tomsic (director); Rob McKittrick, Mark Steilen (screenplay); Ed Helms, Jeremy Renner, Jon Hamm, Jake Johnson, Hannibal Buress, Annabelle Wallis, Isla Fisher, Rashida Jones, Leslie Bibb",Comedy Drama
126,On Chesil Beach,Bleecker Street,"Dominic Cooke (director); Ian McEwan (screenplay); Saoirse Ronan, Billy Howle, Emily Watson, Anne-Marie Duff, Samuel West, Adrian Scarborough",Drama Romance
127,Gotti,Vertical Entertainment,"Kevin Connolly (director); Lem Dobbs, Leo Rossi (screenplay); John Travolta, Kelly Preston, Stacy Keach, Pruitt Taylor Vince, Spencer Lofranco, William DeMeo, Leo Rossi, Victor Gojcaj",Crime Drama History Thriller
128,Jurassic World: Fallen Kingdom,Universal Pictures / Amblin Entertainment / Legendary Pictures,"J.A. Bayona (director); Derek Connolly, Colin Trevorrow (screenplay); Chris Pratt, Bryce Dallas Howard, Rafe Spall, Justice Smith, Daniella Pineda, James Cromwell, Toby Jones, Ted Levine, B. D. Wong, Isabella Sermon, Geraldine Chaplin, Jeff Goldblum",Action Adventure Science Fiction
129,Boundaries,Sony Pictures Classics,"Shana Feste (director/screenplay); Vera Farmiga, Christopher Plummer, Lewis MacDougall, Bobby Cannavale, Kristen Schaal",Comedy Drama
130,Damsel,Magnolia Pictures,"David Zellner, Nathan Zellner (directors/screenplay); Robert Pattinson, Mia Wasikowska",Comedy Western
131,The Domestics,Orion Classics,"Mike P. Nelson (director/screenplay); Tyler Hoechlin, Kate Bosworth, Lance Reddick, Sonoya Mizuno, Dana Gourrier, Thomas Francis Murray, David Dastmalchian",Thriller Horror
132,Sicario: Day of the Soldado,Columbia Pictures / Black Label Media / Thunder Road Pictures,"Stefano Sollima (director); Taylor Sheridan (screenplay); Benicio del Toro, Josh Brolin, Isabela Moner, Jeffrey Donovan, Manuel Garcia-Rulfo, Catherine Keener",Action Crime Drama Thriller
133,Leave No Trace,Bleecker Street,"Debra Granik (director/screenplay); Anne Rosellini (screenplay); Ben Foster, Thomasin McKenzie, Jeff Kober, Dale Dickey",Drama
134,Uncle Drew,Summit Entertainment,"Charles Stone III (director); Jay Longino (screenplay); Kyrie Irving, Lil Rel Howery, Shaquille O'Neal, Reggie Miller, Nate Robinson, Chris Webber, Erica Ash, Lisa Leslie, Nick Kroll, Tiffany Haddish",Comedy
135,Woman Walks Ahead,A24,"Susanna White (director); Steven Knight (screenplay); Jessica Chastain, Michael Greyeyes, Chaske Spencer, Sam Rockwell",Drama History Western
136,The First Purge,Universal Pictures / Blumhouse Productions / Platinum Dunes,"Gerard McMurray (director); James DeMonaco (screenplay); Y'lan Noel, Lex Scott Davis, Joivan Wade, Luna Lauren Velez, Marisa Tomei",Action Science Fiction Thriller Horror
137,Ant-Man and the Wasp,Marvel Studios,"Peyton Reed (director); Chris McKenna, Erik Sommers, Paul Rudd, Andrew Barrer, Gabriel Ferrari (screenplay); Paul Rudd, Evangeline Lilly, Michael Peña, Michael Douglas, Michelle Pfeiffer, Walton Goggins, Hannah John-Kamen, Bobby Cannavale, Judy Greer, Tip ""T.I."" Harris, David Dastmalchian, Abby Ryder Fortson, Randall Park, Laurence Fishburne",Action Adventure Science Fiction Comedy
138,Sorry to Bother You,Annapurna Pictures,"Boots Riley (director/screenplay); Lakeith Stanfield, Tessa Thompson, Armie Hammer, Steven Yeun, Jermaine Fowler, Omari Hardwick, Terry Crews, Danny Glover, Patton Oswalt, David Cross",Fantasy Science Fiction Comedy
139,Whitney,Roadside Attractions / Miramax,Kevin MacDonald (director/screenplay); Whitney Houston,Documentary
140,Hotel Transylvania 3: Summer Vacation,Columbia Pictures / Sony Pictures Animation,"Genndy Tartakovsky (director/screenplay); Michael McCullers (screenplay); Adam Sandler, Andy Samberg, Selena Gomez, Kevin James, Fran Drescher, Steve Buscemi, Molly Shannon, David Spade, Keegan-Michael Key, Jim Gaffigan, Kathryn Hahn, Mel Brooks",Family Fantasy Comedy Animation
141,Skyscraper,Universal Pictures / Legendary Pictures,"Rawson Marshall Thurber (director/screenplay); Dwayne Johnson, Neve Campbell, Chin Han, Roland Møller, Pablo Schreiber, Byron Mann, Hannah Quinlivan, Noah Taylor",Action
142,Eighth Grade,A24,"Bo Burnham (director/screenplay); Elsie Fisher, Josh Hamilton, Emily Robinson, Missy Yager",Comedy Drama
143,"Don't Worry, He Won't Get Far on Foot",Amazon Studios,"Gus Van Sant (director/screenplay); Joaquin Phoenix, Rooney Mara, Jonah Hill, Jack Black",Comedy Drama
144,Shock and Awe,Vertical Entertainment,"Rob Reiner (director); Joey Hartstone (screenplay); Woody Harrelson, Tommy Lee Jones, James Marsden, Milla Jovovich, Jessica Biel, Richard Schiff, Al Sapienza",Drama History Thriller
145,Mamma Mia! Here We Go Again,Universal Pictures / Legendary Pictures / Perfect World Pictures,"Ol Parker (director/screenplay); Lily James, Amanda Seyfried, Pierce Brosnan, Colin Firth, Stellan Skarsgård, Julie Walters, Christine Baranski, Dominic Cooper, Cher, Andy García, Meryl Streep",Comedy Romance
146,The Equalizer 2,Columbia Pictures / Escape Artists,"Antoine Fuqua (director); Richard Wenk (screenplay); Denzel Washington, Ashton Sanders, Pedro Pascal, Melissa Leo, Bill Pullman",Thriller Action Crime
147,Blindspotting,Summit Entertainment / Codeblack Films,"Carlos López Estrada (director); Daveed Diggs, Rafael Casal (screenplay); Janina Gavankar, Ethan Embry, Daveed Diggs, Rafael Casal, Wayne Knight",Comedy Drama
148,Unfriended: Dark Web,BH Tilt,"Stephen Susco (director/screenplay); Colin Woodell, Rebecca Rittenhouse, Betty Gabriel, Andrew Lees, Connor Del Rio, Stephanie Nogueras, Savira Windyani",Horror Mystery Thriller
149,Bleach,Warner Bros. Pictures,"Shinsuke Sato (director); Sota Fukushi, Hana Sugisaki",Action Fantasy Adventure
150,Gauguin – Voyage de Tahiti,Cohen Media Group,"Édouard Deluc (director/screenplay); Étienne Comar (screenplay); Vincent Cassel, Tuheï Adams, Malik Zidi",Drama Romance
151,Mission: Impossible – Fallout,Paramount Pictures / Skydance Media / Bad Robot Productions,"Christopher McQuarrie (director/screenplay); Tom Cruise, Henry Cavill, Ving Rhames, Simon Pegg, Rebecca Ferguson, Sean Harris, Angela Bassett, Michelle Monaghan, Alec Baldwin",Action Adventure
152,Teen Titans Go! To the Movies,Warner Bros. Pictures / Warner Bros. Animation / DC Entertainment,"Peter Rida Michail (director); Aaron Horvath (co-director/screenplay); Michael Jelenic (screenplay); Scott Menville, Khary Payton, Tara Strong, Greg Cipes, Hynden Walch, Will Arnett, Kristen Bell",Animation Action Comedy Science Fiction
153,Detective Dee: The Four Heavenly Kings,Huayi Brothers,"Tsui Hark (director), Chang Chia-lu, Chen Kuo-Fu (screenplay), Mark Chao, Feng Shaofeng, Lin Gengxin, Carina Lau, Ethan Juan, Sandra Ma",Mystery Fantasy Adventure Action
154,Hot Summer Nights,A24,"Elijah Bynum (director/screenplay); Timothée Chalamet, Maika Monroe, Alex Roe, Maia Mitchell",Drama Comedy
155,Puzzle,Sony Pictures Classics,"Marc Turtletaub (director); Oren Moverman (screenplay); Kelly Macdonald, Irrfan Khan, David Denman, Bubba Weiler, Austin Abrams, Liv Hewson",Drama
156,Christopher Robin,Walt Disney Pictures,"Marc Forster (director); Tom McCarthy, Alex Ross Perry, Allison Schroeder (screenplay); Ewan McGregor, Hayley Atwell, Jim Cummings, Brad Garrett, Nick Mohammed, Peter Capaldi, Sophie Okonedo, Toby Jones",Adventure Comedy Family Fantasy
157,The Darkest Minds,20th Century Fox / 21 Laps Entertainment,"Jennifer Yuh Nelson (director); Chad Hodge (screenplay); Amandla Stenberg, Mandy Moore, Harris Dickinson, Gwendoline Christie",Science Fiction Action Drama Romance Adventure Thriller
158,The Spy Who Dumped Me,Lionsgate / Imagine Entertainment,"Susanna Fogel (director/screenplay); David Iserson (screenplay); Mila Kunis, Kate McKinnon, Justin Theroux, Sam Heughan, Gillian Anderson",Action Comedy
159,The Miseducation of Cameron Post,FilmRise,"Desiree Akhavan (director); Desiree Akhavan, Cecilia Frugiuele (screenplay); Chloë Grace Moretz, Sasha Lane, John Gallagher, Jr., Forrest Goodluck, Jennifer Ehle",Drama
160,Never Goin' Back,A24,"Augustine Frizzell (director/screenplay); Maia Mitchell, Camila Morrone, Kyle Mooney, Joel Allen, Kendal Smith, Matthew Holcomb",Comedy
161,Dog Days,LD Entertainment,"Ken Marino (director); Elissa Matsueda, Erica Oyama (screenplay); Nina Dobrev, Finn Wolfhard, Vanessa Hudgens, Adam Pally, Eva Longoria",Comedy Romance Drama
162,The Meg,Warner Bros. Pictures,"Jon Turteltaub (director); Dean Georgaris, Jon Hoeber, Erich Hoeber (screenplay); Jason Statham, Li Bingbing, Rainn Wilson, Ruby Rose, Winston Chao, Cliff Curtis",Action Science Fiction Horror
163,BlacKkKlansman,Focus Features / Legendary Pictures / Perfect World Pictures,"Spike Lee (director); Spike Lee, David Rabinowitz, Charlie Wachtel, Kevin Willmott (screenplay); John David Washington, Adam Driver, Laura Harrier, Topher Grace",Crime Drama History Comedy
164,Slender Man,Screen Gems,"Sylvain White (director); David Birke (screenplay); Joey King, Julia Goldani Telles, Jaz Sinclair, Annalise Basso, Javier Botet",Mystery Thriller Horror
165,A Prayer Before Dawn,A24,"Jean-Stéphane Sauvaire (director); Jonathan Hirschbein, Nick Saltrese (screenplay); Joe Cole",Drama Action Crime
166,Crazy Rich Asians,Warner Bros. Pictures,"Jon M. Chu (director); Peter Chiarelli, Adele Lim (screenplay); Constance Wu, Henry Golding, Gemma Chan, Awkwafina, Lisa Lu, Ken Jeong, Michelle Yeoh",Comedy Drama Romance
167,Alpha,Columbia Pictures,"Albert Hughes (director); Dan Wiedenhaupt (screenplay); Kodi Smit-McPhee, Leonor Varela, Jens Hultén",Adventure Drama
168,Mile 22,STX Entertainment,"Peter Berg (director); Graham Roland, Lea Carpenter (screenplay); Mark Wahlberg, John Malkovich, Lauren Cohan, Iko Uwais, Ronda Rousey",Action Thriller
169,The Wife,Sony Pictures Classics,"Björn Runge (director); Jane Anderson (screenplay); Glenn Close, Jonathan Pryce, Christian Slater, Max Irons, Annie Starke, Harry Lloyd, Elizabeth McGovern",Drama
170,Billionaire Boys Club,Vertical Entertainment,"James Cox (director); James Cox, Captain Mauzner (screenplay); Ansel Elgort, Taron Egerton, Kevin Spacey, Jeremy Irvine, Cary Elwes, Emma Roberts, Billie Lourd, Suki Waterhouse, Judd Nelson",Drama Thriller
171,"Juliet, Naked",Lionsgate / Roadside Attractions,"Jesse Peretz (director); Tamara Jenkins, Phil Alden Robinson, Jim Taylor (screenplay); Ethan Hawke, Rose Byrne",Comedy Drama Romance
172,Down a Dark Hall,Lionsgate Premiere,"Rodrigo Cortés (director); Michael Goldbach, Chris Sparling (screenplay); AnnaSophia Robb, Uma Thurman, Isabelle Fuhrman, Kirsty Mitchell, Taylor Russell, Jim Sturgeon, Victoria Moroles",Thriller Drama Fantasy Horror
173,The Happytime Murders,STX Entertainment / Henson Alternative / On the Day Productions,"Brian Henson (director); Todd Berger (screenplay); Melissa McCarthy, Maya Rudolph, Joel McHale, Elizabeth Banks",Action Comedy Crime
174,Searching,Screen Gems / Stage 6 Films,"Aneesh Chaganty (director/screenplay); Sev Ohanian (screenplay); John Cho, Debra Messing",Thriller Mystery Drama
175,Papillon,Bleecker Street,"Michael Noer (director); Aaron Guzikowski (screenplay); Charlie Hunnam, Rami Malek",Drama History Crime
176,A.X.L.,Global Road Entertainment,"Oliver Daly (director/screenplay); Alex Neustaedter, Becky G, Alex MacNicoll, Thomas Jane, Lou Taylor Pucci, Patricia de Leon",Science Fiction Action Adventure Family
177,Operation Finale,Metro-Goldwyn-Mayer,"Chris Weitz (director); Matthew Orton (screenplay); Oscar Isaac, Ben Kingsley, Lior Raz, Mélanie Laurent, Nick Kroll, Joe Alwyn",Drama History Thriller
178,Kin,Summit Entertainment,"Jonathan Baker, Josh Baker (director/screenplay); Daniel Casey (screenplay); Myles Truitt, Jack Reynor, Zoë Kravitz, Carrie Coon, Dennis Quaid, James Franco",Science Fiction Action
179,The Little Stranger,Focus Features,"Lenny Abrahamson (director); Lucinda Coxon (screenplay); Domhnall Gleeson, Ruth Wilson, Will Poulter, Charlotte Rampling, Alison Pargeter",Mystery Drama Horror History
180,Destination Wedding,Regatta,"Victor Levin (director/screenplay); Winona Ryder, Keanu Reeves",Romance Comedy Drama
181,The Nun,Warner Bros. Pictures / New Line Cinema,"Corin Hardy (director); Gary Dauberman (screenplay); Demián Bichir, Taissa Farmiga, Jonas Bloquet, Charlotte Hope, Ingrid Bisu, Bonnie Aarons",Horror Mystery Thriller
182,Peppermint,STX Entertainment / Lakeshore Entertainment,"Pierre Morel (director); Chad St. John (screenplay); Jennifer Garner, John Ortiz, Juan Pablo Raba, John Gallagher Jr., Annie Ilonzeh, Richard Cabral",Action Thriller
183,The Predator,20th Century Fox / TSG Entertainment,"Shane Black (director/screenplay); Fred Dekker (screenplay); Boyd Holbrook, Trevante Rhodes, Jacob Tremblay, Keegan-Michael Key, Olivia Munn, Thomas Jane, Alfie Allen, Sterling K. Brown",Science Fiction Action Thriller Adventure Horror Comedy
184,White Boy Rick,Columbia Pictures,"Yann Demange (director); Logan Miller, Steve Kloves, Noah Miller, Andy Weiss (screenplay); Matthew McConaughey, Richie Merritt, Bel Powley, Jennifer Jason Leigh, Brian Tyree Henry, Rory Cochrane, RJ Cyler, Jonathan Majors, Eddie Marsan, Bruce Dern, Piper Laurie",Crime Drama
185,A Simple Favor,Lionsgate,"Paul Feig (director/screenplay); Jessica Sharzer (screenplay); Anna Kendrick, Blake Lively, Henry Golding, Andrew Rannells",Crime Comedy Mystery Drama Thriller
186,The Children Act,A24,"Richard Eyre (director); Ian McEwan (screenplay); Emma Thompson, Stanley Tucci, Fionn Whitehead",Drama
187,Lizzie,Saban Films / Roadside Attractions,"Craig William Macneill (director); Bryce Kass (screenplay); Chloë Sevigny, Kristen Stewart, Jay Huguley, Fiona Shaw, Jamey Sheridan, Kim Dickens, Denis O'Hare, Jeff Perry",Crime Drama Thriller
188,Unbroken: Path to Redemption,Pure Flix,"Harold Cronk (director); Richard Friedenberg, Ken Hixon (screenplay); Samuel Hunt, Merritt Patterson, Vanessa Bell Calloway, Bobby Campo, David DeLuise, David Sakurai, WIll Graham",Drama
189,The House with a Clock in Its Walls,Universal Pictures / Amblin Entertainment,"Eli Roth (director); Eric Kripke (screenplay); Jack Black, Cate Blanchett, Owen Vaccaro, Kyle MacLachlan, Renée Elise Goldsberry, Sunny Suljic, Vanessa Anne Williams, Colleen Camp",Fantasy Family Horror Comedy
190,Life Itself,Amazon Studios / Temple Hill Entertainment,"Dan Fogelman (director/screenplay); Oscar Isaac, Olivia Wilde, Mandy Patinkin, Olivia Cooke, Laia Costa, Annette Bening, Antonio Banderas",Drama Romance
191,The Sisters Brothers,Annapurna Pictures,"Jacques Audiard (director); Jacques Audiard, Thomas Bidegain (screenplay); John C. Reilly, Joaquin Phoenix, Jake Gyllenhaal, Riz Ahmed",Western Drama Adventure
192,Assassination Nation,Neon,"Sam Levinson (director/screenplay); Odessa Young, Suki Waterhouse, Hari Nef, Abra, Bella Thorne, Bill Skarsgård, Cody Christian, Joel McHale, Maude Apatow, Colman Domingo, Anika Noni Rose",Thriller Comedy Horror
193,Colette,Bleecker Street,"Wash Westmoreland (director/screenplay); Richard Glatzer (screenplay); Keira Knightley, Dominic West",Drama History
194,Fahrenheit 11/9,Briarcliff / State Run Films,Michael Moore (director/screenplay),Documentary
195,My Son,Cohen Media Group,"Christian Carion (director/screenplay); Guillaume Canet, Melanie Laurent",Crime Drama Thriller
196,"Love, Gilda",Magnolia Pictures / Motto Pictures / 3 Faces Films,Lisa Dapolito (director); Gilda Radner,Documentary
197,My Hero Academia: Two Heroes,Toho / Bones,"Kenji Nagasaki (director); Yōsuke Kuroda (screenplay); Justin Briner, Christopher R. Sabat, Clifford Chapin, Luci Christian, J. Michael Tatum, David Matranga",Animation Action Comedy Fantasy Adventure
198,Smallfoot,Warner Bros. Pictures / Warner Animation Group,"Karey Kirkpatrick (director/screenplay); Clare Sera (screenplay); Channing Tatum, James Corden, Zendaya, Common, LeBron James, Gina Rodriguez, Danny DeVito, Yara Shahidi, Ely Henry, Jimmy Tatro",Animation Family Adventure Fantasy
199,Night School,Universal Pictures / Will Packer Productions,"Malcolm D. Lee (director); Kevin Hart, Harry Ratchford, Joey Wells, Matt Kellard, Nicholas Stoller (screenplay); Kevin Hart, Tiffany Haddish, Rob Riggle, Romany Malco",Comedy
200,The Old Man & the Gun,Fox Searchlight Pictures,"David Lowery (director/screenplay); Robert Redford, Casey Affleck, Danny Glover, Tika Sumpter, Tom Waits, Sissy Spacek",Comedy Crime Drama
201,Hell Fest,Lionsgate / CBS Films,"Gregory Plotkin (director); William Penick, Chris Sey (screenplay); Bex Taylor-Klaus, Amy Forsyth, Reign Edwards, Christian James, Matt Mercurio, Roby Attal",Horror
202,Power of the Air,Five & Two Pictures,"Dave Christiano (director/screenplay); Nicholas X. Parsons, Patty Duke, Michael Gross, Tracy Goode, Karyn Williams, Wendell Kinney, Veryl Jones",
203,Venom,Columbia Pictures / Marvel Entertainment,"Ruben Fleischer (director); Jeff Pinkner, Scott Rosenberg, Kelly Marcel (screenplay); Tom Hardy, Michelle Williams, Riz Ahmed, Scott Haze, Reid Scott, Jenny Slate",Science Fiction Action
204,A Star Is Born,Warner Bros. Pictures,"Bradley Cooper (director/screenplay); Eric Roth, Will Fetters (screenplay); Bradley Cooper, Lady Gaga, Sam Elliott, Dave Chappelle, Andrew Dice Clay, Anthony Ramos, Rafi Gavron, Greg Grunberg",Drama Romance Music
205,The Hate U Give,20th Century Fox / Fox 2000 Pictures,"George Tillman Jr. (director); Audrey Wells (screenplay); Amandla Stenberg, Regina Hall, Russell Hornsby, KJ Apa, Algee Smith, Lamar Johnson, Issa Rae, Sabrina Carpenter, Common, Anthony Mackie",Crime Drama
206,The Happy Prince,Sony Pictures Classics,"Rupert Everett (director/screenplay); Rupert Everett, Colin Firth, Colin Morgan, Emily Watson",Drama
207,First Man,Universal Pictures / DreamWorks Pictures / Amblin Entertainment,"Damien Chazelle (director); Josh Singer (screenplay); Ryan Gosling, Claire Foy, Jason Clarke, Kyle Chandler, Corey Stoll, Ciaran Hinds, Christopher Abbott, Patrick Fugit, Lukas Haas",History Drama
208,Bad Times at the El Royale,20th Century Fox,"Drew Goddard (director/screenplay); Jeff Bridges, Cynthia Erivo, Dakota Johnson, Jon Hamm, Cailee Spaeny, Lewis Pullman, Nick Offerman, Chris Hemsworth",Thriller Drama Mystery
209,Goosebumps 2: Haunted Halloween,Columbia Pictures / Sony Pictures Animation / Original Film,"Ari Sandel (director); Rob Lieber (screenplay); Wendi McLendon-Covey, Madison Iseman, Jeremy Ray Taylor, Caleel Harris, Chris Parnell, Ken Jeong, Jack Black",Adventure Comedy Fantasy Family Horror
210,Beautiful Boy,Amazon Studios / Plan B Entertainment,"Felix van Groeningen (director/screenplay); Luke Davies (screenplay); Steve Carell, Timothée Chalamet, Maura Tierney, Amy Ryan",Drama
211,The Oath,Roadside Attractions,"Ike Barinholtz (director/screenplay); Ike Barinholtz, Tiffany Haddish, Nora Dunn, Chris Ellis, Jon Barinholtz, Meredith Hagner, Carrie Brownstein, Billy Magnussen, John Cho",Comedy
212,Gosnell: The Trial of America's Biggest Serial Killer,Hat Tip Films / GVN Releasing,"Nick Searcy (director); Earl Billings, Dean Cain, Sarah Jane Morris, Michael Beach",Drama Crime
213,Halloween,Universal Pictures / Miramax / Blumhouse Productions,"David Gordon Green (director/screenplay); Jeff Fradley, Danny McBride (screenplay); Jamie Lee Curtis, Judy Greer, Andi Matichak, Will Patton, Virginia Gardner",Animation Family Mystery Comedy Crime
214,Can You Ever Forgive Me?,Fox Searchlight Pictures,"Marielle Heller (director); Nicole Holofcener, Jeff Whitty (screenplay); Melissa McCarthy, Richard E. Grant",Drama Crime Comedy
215,Mid90s,A24,"Jonah Hill (director/screenplay); Sunny Suljic, Lucas Hedges, Katherine Waterston",Drama
216,Wildlife,IFC Films / June Pictures,"Paul Dano (director/screenplay); Zoe Kazan (screenplay); Carey Mulligan, Jake Gyllenhaal, Ed Oxenbould, Bill Camp",Drama
217,What They Had,Bleecker Street,"Elizabeth Chomko (director/screenplay); Hilary Swank, Michael Shannon, Robert Forster, Blythe Danner, Taissa Farmiga, Josh Lucas",Drama
218,Hunter Killer,Summit Entertainment / Original Film,"Donovan Marsh (director); Arne Schmidt, Jamie Moss (screenplay); Gerard Butler, Gary Oldman, Common, Toby Stephens, Linda Cardellini, David Gyasi, Gabriel Chavarria, Zane Holtz, Michael Nyqvist",Action Thriller
219,Johnny English Strikes Again,Universal Pictures / StudioCanal / Working Title Films,"David Kerr (director); William Davies (screenplay); Rowan Atkinson, Olga Kurylenko, Ben Miller",Action Adventure Comedy
220,Suspiria,Amazon Studios,"Luca Guadagnino (director); David Kajganich (screenplay); Dakota Johnson, Tilda Swinton, Mia Goth, Angela Winkler, Ingrid Caven, Sylvie Testud, Jessica Harper, Chloë Grace Moretz",Horror
221,Indivisible,Pure Flix,"David G. Evans (director/screenplay); Cheryl McKay (screenplay); Sarah Drew, Justin Bruening, Jason George, Madeline Carroll, Tanner Stine, Michael O'Neill, Tia Mowry, Eric Close",Drama War
222,Bullitt County,Mr. Pictures,"David McCracken (director/screenplay); Mike C. Nelson, Jenni Melear, David McCracken, Napoleon Ryan, Richard Riehle, Dorothy Lyman",Action Drama Thriller
223,Bohemian Rhapsody,20th Century Fox / Regency Enterprises / GK Films,"Bryan Singer (director); Anthony McCarten (screenplay); Rami Malek, Lucy Boynton, Gwilym Lee, Ben Hardy, Joseph Mazzello, Aidan Gillen, Allen Leech, Tom Hollander, Mike Myers",Drama Music
224,The Nutcracker and the Four Realms,Walt Disney Pictures,"Lasse Hallström, Joe Johnston (director); Ashleigh Powell (screenplay); Keira Knightley, Mackenzie Foy, Eugenio Derbez, Matthew Macfadyen, Richard E. Grant, Misty Copeland, Helen Mirren, Morgan Freeman",Fantasy Adventure Family
225,Nobody's Fool,Paramount Players / Tyler Perry Studios,"Tyler Perry (director/screenplay); Tiffany Haddish, Tika Sumpter, Omari Hardwick, Mehcad Brooks, Amber Riley, Whoopi Goldberg",Comedy Romance
226,Boy Erased,Focus Features / Perfect World Pictures,"Joel Edgerton (director/screenplay); Lucas Hedges, Nicole Kidman, Russell Crowe, Joel Edgerton, Joe Alwyn, Xavier Dolan, Troye Sivan, Cherry Jones, Flea",Drama
227,A Private War,Aviron Pictures,"Matthew Heineman (director); Arash Amel (screenplay); Rosamund Pike, Jamie Dornan, Stanley Tucci, Tom Hollander",Drama War
228,Bodied,Neon / YouTube Premium,"Joseph Kahn (director); Alex Larsen (screenplay); Calum Worthy, Jackie Long, Rory Uphold, Dumbfoundead, Walter Perez, Anthony Michael Hall",Drama Comedy Music
229,The Front Runner,Columbia Pictures,"Jason Reitman (director); Matt Bai, Jason Reitman, Jay Carson (screenplay); Hugh Jackman, Vera Farmiga, J. K. Simmons, Alfred Molina",Drama History
230,The Grinch,Universal Pictures / Illumination,"Yarrow Cheney, Scott Mosier (directors); Matthew O'Callaghan (co-director); Michael LeSieur, Tommy Swerdlow (screenplay); Benedict Cumberbatch, Rashida Jones, Kenan Thompson, Cameron Seely, Angela Lansbury, Pharrell Williams",Animation Family Comedy Fantasy
231,The Girl in the Spider's Web,Columbia Pictures / Metro-Goldwyn-Mayer / Regency Enterprises,"Fede Alvarez (director/screenplay); Steven Knight, Jay Basu (screenplay); Claire Foy, Sverrir Gudnason, Lakeith Stanfield, Sylvia Hoeks, Stephen Merchant",Action Crime Thriller Drama
232,Overlord,Paramount Pictures / Bad Robot Productions,"Julius Avery (director); Billy Ray, Mark L. Smith (screenplay); Jovan Adepo, Wyatt Russell, Mathilde Ollivier, John Magaro, Gianny Taufer, Pilou Asbæk, Bokeem Woodbine",Horror War Science Fiction
233,The Ballad of Buster Scruggs,Netflix / Annapurna Pictures,"Joel and Ethan Coen (directors/screenplay); Tim Blake Nelson, Zoe Kazan, Liam Neeson, Tom Waits",Comedy Drama Western
234,Lazer Team 2,Rooster Teeth,"Daniel Fabelo & Matt Hullum (director); Daniel Fabelo, Matt Hullum & Burnie Burns (screenplay); Gavin Free, Michael Jones, Burnie Burns, Colton Dunn, Nichole Bloom, Allie DeBerry",Science Fiction Action Adventure Comedy
235,The Marine 6: Close Quarters,WWE Studios / Sony Pictures Home Entertainment,"James Nunn (director); Craig Walendziak (screenplay); Chuck Norris (edited); Mike ""The Miz"" Mizanin, Shawn Michaels, Becky Lynch",Action Drama
236,Conundrum: Secrets Among Friends,Lionsgate,"Josh Webber (director); Shaun Cairo (Screenplay), Jo Marie Payton, Gary Leroi Gray, Paula Jai Parker, Parker McKenna Posey",Drama Thriller
237,Fantastic Beasts: The Crimes of Grindelwald,Warner Bros. Pictures / Heyday Films,"David Yates (director); J. K. Rowling (screenplay); Eddie Redmayne, Katherine Waterston, Dan Fogler, Alison Sudol, Ezra Miller, Zoë Kravitz, Callum Turner, Claudia Kim, William Nadylam, Kevin Guthrie, Jude Law, Johnny Depp",Adventure Fantasy Drama
238,Widows,20th Century Fox / Regency Enterprises / Film4 Productions,"Steve McQueen (director/screenplay); Gillian Flynn (screenplay); Viola Davis, Michelle Rodriguez, Elizabeth Debicki, Cynthia Erivo, Colin Farrell, Brian Tyree Henry, Daniel Kaluuya, Carrie Coon, Jacki Weaver, Robert Duvall, Liam Neeson",Crime Thriller
239,Instant Family,Paramount Pictures,"Sean Anders (director/screenplay); John Morris (screenplay); Mark Wahlberg, Rose Byrne, Isabela Moner, Tig Notaro, Margo Martindale, Julie Hagerty, Octavia Spencer",Comedy Drama
240,Ralph Breaks the Internet,Walt Disney Pictures / Walt Disney Animation Studios,"Rich Moore, Phil Johnston (directors); Phil Johnston, Pamela Ribon (screenplay); John C. Reilly, Sarah Silverman, Gal Gadot, Taraji P. Henson, Jack McBrayer, Jane Lynch, Bill Hader, Alfred Molina, Alan Tudyk, Ed O'Neill",Family Animation Comedy Adventure
241,Creed II,Metro-Goldwyn-Mayer / Warner Bros. Pictures,"Steven Caple Jr. (director); Sylvester Stallone, Juel Taylor (screenplay); Michael B. Jordan, Sylvester Stallone, Tessa Thompson, Dolph Lundgren, Florian Munteanu, Wood Harris, Phylicia Rashad",Drama
242,Green Book,Universal Pictures / DreamWorks Pictures / Participant Media,"Peter Farrelly (director/screenplay); Brian Hayes Currie, Nick Vallelonga (screenplay); Viggo Mortensen, Mahershala Ali, Linda Cardellini",Drama Comedy
243,Robin Hood,Summit Entertainment,"Otto Bathurst (director); Ben Chandler, David James Kelly (screenplay); Taron Egerton, Jamie Foxx, Ben Mendelsohn, Eve Hewson, Tim Minchin, Jamie Dornan",Adventure Action Thriller
244,Roma,Netflix / Participant Media,"Alfonso Cuarón (director/screenplay); Yalitza Aparicio, Marina de Tavira, Fernando Grediaga, Jorge Antonio Guerrero",Drama
245,The Favourite,Fox Searchlight Pictures / Film4 Productions,"Yorgos Lanthimos (director); Deborah Davis, Tony McNamara (screenplay); Olivia Colman, Emma Stone, Rachel Weisz, Nicholas Hoult, Joe Alwyn",Drama History Comedy
246,Mowgli: Legend of the Jungle,Netflix / Warner Bros. Pictures,"Andy Serkis (director); Callie Kloves (screenplay); Rohan Chand, Christian Bale, Cate Blanchett, Benedict Cumberbatch, Andy Serkis, Matthew Rhys, Freida Pinto, Naomie Harris",Adventure Drama
247,The Possession of Hannah Grace,Screen Gems,"Diederik van Rooijen (director); Brian Sieve (writer); Shay Mitchell, Grey Damon, Kirby Johnson, Stana Katic",Horror Drama
248,Anna and the Apocalypse,Orion Pictures,"John McPhail (director); Alan McDonald, Ryan McHenry (screenplay); Ella Hunt, Malcolm Cumming, Marli Siu, Sarah Swire, Christopher Leveaux, Ben Wiggins",Horror Comedy Fantasy
249,4,Capernaum,Sony Pictures Classics,Adventure Animation Comedy Family Fantasy
250,Mary Queen of Scots,Focus Features / Working Title Films,"Josie Rourke (director); Beau Willimon (screenplay); Saoirse Ronan, Margot Robbie, Jack Lowden, Joe Alwyn, David Tennant, Guy Pearce",Drama History
251,Ben Is Back,LD Entertainment / Lionsgate / Roadside Attractions,"Peter Hedges (director/screenplay); Lucas Hedges, Julia Roberts, Kathryn Newton, Courtney B. Vance",Drama
252,Spider-Man: Into the Spider-Verse,Columbia Pictures / Marvel Entertainment / Sony Pictures Animation,"Bob Persichetti, Peter Ramsey, Rodney Rothman (directors); Phil Lord, Rodney Rothman (screenplay); Shameik Moore, Jake Johnson, Hailee Steinfeld, Mahershala Ali, Brian Tyree Henry, Luna Lauren Velez, Lily Tomlin, Zoë Kravitz, John Mulaney, Kimiko Glenn, Nicolas Cage, Kathryn Hahn, Liev Schreiber, Chris Pine",Action Adventure Animation Science Fiction Comedy
253,Mortal Engines,Universal Pictures / Media Rights Capital / WingNut Films,"Christian Rivers (director); Peter Jackson, Fran Walsh, Philippa Boyens (screenplay); Hugo Weaving, Hera Hilmar, Robert Sheehan, Jihae, Ronan Raftery, Leila George, Patrick Malahide, Stephen Lang",Adventure Fantasy
254,The Mule,Warner Bros. Pictures,"Clint Eastwood (director); Nick Schenk (screenplay); Clint Eastwood, Bradley Cooper, Laurence Fishburne, Michael Peña, Dianne Wiest, Andy Garcia",Crime Drama Thriller
255,If Beale Street Could Talk,Annapurna Pictures / Plan B Entertainment,"Barry Jenkins (director/screenplay); Kiki Layne, Stephan James, Teyonah Parris, Regina King, Dave Franco, Ed Skrein, Diego Luna, Emily Rios",Drama Romance
256,Mary Poppins Returns,Walt Disney Pictures,"Rob Marshall (director); David Magee (screenplay); Emily Blunt, Lin-Manuel Miranda, Ben Whishaw, Emily Mortimer, Julie Walters, Colin Firth, Meryl Streep, Dick Van Dyke, Angela Lansbury",Fantasy Family Comedy
257,Aquaman,Warner Bros. Pictures / DC Films,"James Wan (director); David Leslie Johnson-McGoldrick, Will Beall (screenplay); Jason Momoa, Amber Heard, Willem Dafoe, Patrick Wilson, Dolph Lundgren, Yahya Abdul-Mateen II, Ludi Lin, Temuera Morrison, Nicole Kidman",Action Adventure Fantasy
258,Bumblebee,Paramount Pictures / Allspark Pictures / Tencent Pictures,"Travis Knight (director); Christina Hodson (screenplay); Hailee Steinfeld, John Cena, Jorge Lendeborg Jr., John Ortiz, Jason Drucker, Pamela Adlon, Dylan O'Brien, Angela Bassett, Justin Theroux, Peter Cullen",Action Adventure Science Fiction
259,Welcome to Marwen,Universal Pictures / DreamWorks Pictures / ImageMovers,"Robert Zemeckis (director/screenplay); Caroline Thompson (screenplay); Steve Carell, Leslie Mann, Diane Kruger, Falk Hentschel, Janelle Monáe, Eiza Gonzalez, Gwendoline Christie",Drama Comedy Fantasy
260,Second Act,STX Entertainment,"Peter Segal (director); Elaine Goldsmith-Thomas, Justin Zackham (screenplay); Jennifer Lopez, Leah Remini, Vanessa Hudgens, Treat Williams, Milo Ventimiglia",Romance Comedy
261,Cold War,Amazon Studios,"Paweł Pawlikowski (director); Paweł Pawlikowski, Janusz Głowacki (screenplay); Joanna Kulig, Tomasz Kot, Agata Kulesza",Animation
262,Holmes & Watson,Columbia Pictures / Gary Sanchez Productions,"Etan Cohen (director/screenplay); Will Ferrell, John C. Reilly, Rebecca Hall, Ralph Fiennes, Rob Brydon, Kelly Macdonald, Steve Coogan, Lauren Lapkus, Pam Ferris, Hugh Laurie",Mystery Adventure Comedy Crime
263,Vice,Annapurna Pictures / Plan B Entertainment,"Adam McKay (director/screenplay); Christian Bale, Amy Adams, Steve Carell, Sam Rockwell, Tyler Perry, Alison Pill, Lily Rabe, Jesse Plemons",Drama History Comedy
264,On the Basis of Sex,Focus Features,"Mimi Leder (director); Daniel Stiepleman (screenplay); Felicity Jones, Armie Hammer, Justin Theroux, Jack Reynor, Cailee Spaeny, Sam Waterston, Kathy Bates",Drama History
265,Destroyer,Annapurna Pictures,"Karyn Kusama (director); Phil Hay, Matt Manfredi (screenplay); Nicole Kidman, Sebastian Stan, Toby Kebbell, Tatiana Maslany, Bradley Whitford, Jade Pettyjohn, Scoot McNairy",Thriller Crime Drama Action
266,Black Mirror: Bandersnatch,Netflix,"David Slade (director); Charlie Brooker (screenplay); Fionn Whitehead, Will Poulter, Asim Chaudhry, Craig Parkinson, Alice Lowe, Tallulah Haddon, Catriona Knox, Jonathan Aris",Science Fiction Mystery Drama Thriller TV Movie
